Year,Wins,Losses,Win%
2021,5,7,41.66666666666667
2024,10,3,76.92307692307693
